Q29	P100011
Q817	P100016
Q35	P100016
Q1039	P100019
Q730	P100012
Q1009	P100020
Q43	P100011
Q668	P100018
Q783	P100015
Q224	P100013
Q191	P100021
Q796	P100022
Q736	P100011
Q736	P100020
Q881	P100019
Q948	P100022
Q33	P100014
Q419	P100015
Q869	P100014
Q40	P100022
Q733	P100022
Q822	P100014
Q258	P100020
Q657	P100021
Q398	P100021
Q754	P100017
Q786	P100017
Q225	P100021
Q863	P100018
Q800	P100012
Q43	P100019
Q145	P100021
Q31	P100016
Q1014	P100011
Q225	P100011
Q736	P100015
Q954	P100021
Q34	P100012
Q846	P100018
Q217	P100012
Q1049	P100019
Q213	P100022
Q38	P100019
Q986	P100014
Q928	P100016
Q963	P100016
Q115	P100016
Q783	P100017
Q833	P100013
Q145	P100014
Q851	P100022
Q403	P100018
Q38	P100021
Q1039	P100013
Q29999	P100011
Q774	P100020
Q954	P100013
Q40	P100016
Q214	P100011
Q17	P100021
Q212	P100022
Q1016	P100011
Q683	P100014
Q916	P100019
Q822	P100021
Q826	P100011
Q117	P100016
Q769	P100020
Q783	P100020
Q1042	P100016
Q983	P100022
Q35	P100022
Q739	P100019
Q189	P100018
Q574	P100022
Q1009	P100017
Q817	P100017
Q826	P100020
Q1014	P100013
Q1039	P100016
Q211	P100012
Q258	P100019
Q736	P100012
Q242	P100014
Q334	P100012
Q846	P100022
Q965	P100012
Q783	P100014
Q215	P100014
Q754	P100016
Q36	P100019
Q191	P100018
Q252	P100014
Q258	P100021
Q117	P100013
Q983	P100019
Q874	P100020
Q712	P100021
Q711	P100015
Q1014	P100012
Q804	P100011
Q948	P100021
Q31	P100017
Q733	P100019
Q145	P100017
Q265	P100020
Q881	P100022
Q574	P100011
Q958	P100020
Q29999	P100015
Q39	P100014
Q1020	P100021
Q37	P100013
Q963	P100017
Q115	P100019
Q1032	P100022
Q184	P100016
Q691	P100012
Q1027	P100019
Q691	P100020
Q148	P100012
Q774	P100012
Q796	P100020
Q945	P100020
Q183	P100011
Q262	P100019
Q43	P100016
Q212	P100014
Q96	P100016
Q790	P100019
Q924	P100022
Q1042	P100017
Q1045	P100015
Q843	P100021
Q769	P100021
Q962	P100021
Q219	P100020
Q399	P100012
Q1009	P100016
Q967	P100017
Q29999	P100018
Q403	P100012
Q851830	P100019
Q225	P100020
Q230	P100013
Q1049	P100020
Q35	P100019
Q783	P100013
Q889	P100022
Q965	P100011
Q945	P100016
Q781	P100019
Q712	P100012
Q244	P100019
Q734	P100020
Q1025	P100014
Q683	P100015
Q189	P100017
Q948	P100012
Q1037	P100013
Q874	P100012
Q766	P100011
Q40	P100014
Q217	P100013
Q298	P100016
Q114	P100022
Q30	P100018
Q155	P100020
Q233	P100020
Q769	P100022
Q912	P100021
Q881	P100016
Q27	P100017
Q843	P100014
Q574	P100020
Q424	P100021
Q1039	P100012
Q184	P100017
Q657	P100020
Q398	P100020
Q916	P100011
Q191	P100011
Q424	P100016
Q28	P100019
Q730	P100019
Q211	P100014
Q232	P100021
Q41	P100022
Q1044	P100014
Q1045	P100020
Q846	P100016
Q750	P100016
Q711	P100021
Q43	P100017
Q843	P100012
Q215	P100015
Q970	P100020
Q1020	P100017
Q837	P100021
Q846	P100015
Q227	P100022
Q1000	P100017
Q683	P100012
Q38	P100020
Q1013	P100014
Q967	P100016
Q217	P100019
Q230	P100015
Q811	P100013
Q836	P100020
Q958	P100022
Q928	P100011
Q1025	P100012
Q813	P100020
Q712	P100014
Q929	P100012
Q781	P100016
Q34	P100021
Q917	P100016
Q214	P100021
Q917	P100019
Q733	P100011
Q983	P100014
Q218	P100018
Q189	P100016
Q986	P100012
Q796	P100012
Q1039	P100015
Q217	P100014
Q399	P100014
Q739	P100021
Q229	P100022
Q229	P100014
Q800	P100014
Q37	P100017
Q1009	P100019
Q155	P100012
Q233	P100012
Q1020	P100015
Q1028	P100015
Q804	P100013
Q1039	P100021
Q954	P100018
Q854	P100011
Q874	P100013
Q212	P100012
Q851	P100015
Q929	P100013
Q822	P100012
Q1039	P100011
Q33	P100012
Q916	P100017
Q902	P100016
Q424	P100017
Q668	P100022
Q424	P100020
Q917	P100013
Q948	P100018
Q736	P100019
Q29999	P100016
Q1044	P100017
Q1049	P100011
Q1027	P100016
Q750	P100017
Q183	P100016
Q965	P100019
Q213	P100018
Q948	P100016
Q796	P100016
Q958	P100018
Q115	P100013
Q145	P100019
Q27	P100013
Q822	P100018
Q811	P100016
Q142	P100012
Q1006	P100014
Q977	P100013
Q1000	P100016
Q38	P100014
Q826	P100013
Q796	P100015
Q41	P100014
Q916	P100015
Q954	P100022
Q334	P100014
Q854	P100013
Q813	P100011
Q262	P100021
Q685	P100012
Q242	P100012
Q851830	P100013
Q781	P100017
Q786	P100011
Q842	P100020
Q917	P100017
Q30	P100022
Q769	P100018
Q750	P100011
Q1044	P100020
Q1029	P100020
Q786	P100021
Q843	P100016
Q810	P100018
Q657	P100014
Q398	P100014
Q921	P100015
Q1027	P100022
Q790	P100012
Q213	P100015
Q1029	P100011
Q298	P100013
Q881	P100011
Q232	P100014
Q970	P100011
Q38	P100022
Q262	P100014
Q916	P100016
Q1041	P100020
Q244	P100021
Q970	P100021
Q403	P100020
Q685	P100016
Q189	P100019
Q1020	P100020
Q213	P100016
Q736	P100013
Q35	P100012
Q1027	P100014
Q962	P100012
Q733	P100015
Q244	P100011
Q1033	P100011
Q1025	P100020
Q218	P100020
Q20	P100020
Q1006	P100017
Q962	P100020
Q1027	P100017
Q833	P100019
Q1041	P100016
Q869	P100015
Q712	P100019
Q983	P100021
Q948	P100020
Q953	P100015
Q881	P100013
Q811	P100017
Q34	P100015
Q40	P100021
Q34	P100014
Q1045	P100013
Q39	P100017
Q419	P100013
Q792	P100012
Q734	P100011
Q730	P100021
Q115	P100021
Q691	P100021
Q334	P100013
Q334	P100016
Q977	P100012
Q837	P100014
Q958	P100011
Q408	P100021
Q754	P100012
Q213	P100012
Q786	P100012
Q668	P100020
Q1039	P100020
Q1036	P100018
Q912	P100019
Q222	P100020
Q1009	P100011
Q958	P100021
Q43	P100020
Q1014	P100022
Q225	P100019
Q851830	P100020
Q148	P100022
Q241	P100019
Q842	P100014
Q218	P100019
Q1042	P100020
Q750	P100022
Q790	P100020
Q790	P100011
Q28	P100017
Q214	P100017
Q30	P100013
Q408	P100014
Q241	P100021
Q27	P100011
Q810	P100014
Q836	P100019
Q854	P100022
Q35	P100021
Q977	P100016
Q334	P100015
Q792	P100015
Q810	P100011
Q236	P100015
Q17	P100012
Q929	P100020
Q45	P100018
Q928	P100017
Q810	P100021
Q1019	P100011
Q804	P100020
Q224	P100018
Q258	P100013
Q842	P100011
Q574	P100019
Q986	P100019
Q792	P100011
Q39	P100016
Q225	P100018
Q810	P100019
Q155	P100019
Q233	P100019
Q1044	P100021
Q227	P100011
Q414	P100013
Q1042	P100019
Q213	P100021
Q117	P100017
Q334	P100017
Q733	P100013
Q33	P100019
Q227	P100017
Q1020	P100022
Q953	P100013
Q41	P100018
Q217	P100020
Q977	P100022
Q189	P100013
Q846	P100014
Q1025	P100022
Q963	P100013
Q1037	P100020
Q17	P100013
Q902	P100020
Q262	P100015
Q31	P100015
Q399	P100015
Q963	P100011
Q41	P100017
Q1033	P100014
Q17	P100014
Q214	P100016
Q189	P100011
Q924	P100011
Q1027	P100021
Q958	P100015
Q1030	P100021
Q419	P100016
Q804	P100017
Q262	P100020
Q142	P100021
Q219	P100016
Q842	P100015
Q970	P100014
Q851830	P100015
Q27	P100022
Q16	P100012
Q833	P100014
Q225	P100022
Q769	P100017
Q258	P100014
Q790	P100018
Q878	P100020
Q954	P100014
Q1014	P100020
Q211	P100016
Q736	P100016
Q683	P100013
Q222	P100017
Q683	P100016
Q804	P100018
Q1029	P100021
Q786	P100014
Q16	P100018
Q967	P100015
Q664	P100013
Q889	P100017
Q977	P100018
Q837	P100020
Q869	P100021
Q1006	P100015
Q826	P100015
Q334	P100011
Q114	P100021
Q869	P100017
Q786	P100013
Q854	P100020
Q1029	P100019
Q781	P100021
Q842	P100018
Q953	P100014
Q227	P100016
Q843	P100015
Q730	P100015
Q40	P100019
Q183	P100018
Q236	P100018
Q298	P100012
Q774	P100018
Q298	P100020
Q691	P100017
Q810	P100016
Q1045	P100022
Q1036	P100016
Q244	P100020
Q1049	P100014
Q41	P100019
Q902	P100013
Q77	P100021
Q115	P100011
Q929	P100015
Q1009	P100013
Q843	P100022
Q792	P100020
Q963	P100022
Q219	P100014
Q863	P100020
Q419	P100017
Q37	P100014
Q977	P100019
Q27	P100016
Q881	P100017
Q399	P100016
Q967	P100012
Q668	P100012
Q786	P100020
Q754	P100019
Q769	P100016
Q403	P100017
Q826	P100012
Q902	P100021
Q1033	P100022
Q148	P100013
Q800	P100011
Q1030	P100013
Q800	P100020
Q211	P100017
Q225	P100012
Q736	P100017
Q399	P100011
Q1045	P100011
Q683	P100017
Q1037	P100022
Q790	P100021
Q846	P100017
Q236	P100017
Q244	P100013
Q874	P100016
Q1020	P100018
Q986	P100022
Q851830	P100021
Q712	P100011
Q29999	P100022
Q218	P100021
Q928	P100014
Q1020	P100016
Q34	P100019
Q917	P100021
Q38	P100012
Q833	P100021
Q796	P100021
Q252	P100020
Q298	P100011
Q1013	P100013
Q863	P100019
Q142	P100015
Q142	P100014
Q810	P100017
Q399	P100022
Q712	P100013
Q1037	P100014
Q212	P100017
Q878	P100019
Q1044	P100011
Q916	P100012
Q1028	P100020
Q1019	P100020
Q222	P100014
Q863	P100011
Q1014	P100018
Q37	P100016
Q774	P100011
Q1042	P100012
Q183	P100012
Q854	P100016
Q843	P100011
Q769	P100014
Q399	P100017
Q810	P100022
Q1044	P100015
Q184	P100021
Q155	P100014
Q233	P100014
Q836	P100013
Q229	P100012
Q45	P100013
Q36	P100020
Q1044	P100013
Q1016	P100016
Q902	P100017
Q212	P100021
Q17	P100022
Q222	P100011
Q774	P100015
Q842	P100016
Q854	P100015
Q30	P100021
Q1032	P100021
Q1016	P100018
Q29999	P100017
Q1028	P100013
Q236	P100016
Q986	P100017
Q948	P100017
Q796	P100017
Q813	P100017
Q1037	P100011
Q874	P100017
Q236	P100022
Q1020	P100014
Q142	P100011
Q733	P100012
Q35	P100015
Q963	P100020
Q148	P100021
Q948	P100011
Q736	P100022
Q874	P100011
Q32	P100011
Q1042	P100013
Q16	P100019
Q766	P100012
Q403	P100022
Q1042	P100015
Q790	P100017
Q218	P100022
Q148	P100019
Q224	P100016
Q869	P100019
Q215	P100021
Q241	P100022
Q212	P100016
Q962	P100016
Q851830	P100014
Q953	P100019
Q419	P100022
Q1044	P100012
Q711	P100013
Q750	P100012
Q800	P100016
Q657	P100017
Q398	P100017
Q242	P100021
Q874	P100015
Q843	P100017
Q924	P100015
Q685	P100022
Q912	P100016
Q878	P100018
Q833	P100020
Q574	P100018
Q224	P100012
Q399	P100019
Q1029	P100012
Q96	P100013
Q403	P100019
Q37	P100011
Q750	P100018
Q912	P100015
Q40	P100012
Q734	P100017
Q874	P100014
Q298	P100019
Q685	P100017
Q114	P100013
Q36	P100021
Q948	P100014
Q921	P100020
Q781	P100012
Q115	P100014
Q184	P100013
Q244	P100012
Q1027	P100013
Q783	P100011
Q664	P100021
Q948	P100019
Q1006	P100013
Q986	P100016
Q733	P100021
Q1030	P100012
Q790	P100022
Q33	P100018
Q836	P100015
Q419	P100018
Q953	P100011
Q854	P100021
Q967	P100019
Q668	P100019
Q33	P100017
Q77	P100013
Q155	P100011
Q233	P100011
Q39	P100018
Q826	P100019
Q28	P100012
Q790	P100016
Q874	P100022
Q683	P100011
Q1029	P100015
Q962	P100017
Q45	P100015
Q1016	P100014
Q804	P100022
Q657	P100016
Q398	P100016
Q774	P100014
Q29999	P100014
Q800	P100017
Q843	P100019
Q711	P100020
Q711	P100011
Q155	P100015
Q233	P100015
Q39	P100020
Q17	P100017
Q842	P100013
Q265	P100013
Q39	P100012
Q792	P100017
Q262	P100013
Q28	P100016
Q1025	P100018
Q712	P100020
Q833	P100011
Q851	P100012
Q928	P100015
Q148	P100016
Q33	P100015
Q1030	P100015
Q1014	P100014
Q232	P100022
Q574	P100021
Q929	P100019
Q977	P100017
Q889	P100018
Q962	P100018
Q734	P100016
Q924	P100014
Q252	P100012
Q664	P100012
Q242	P100013
Q917	P100012
Q924	P100020
Q77	P100012
Q917	P100020
Q796	P100019
Q1041	P100011
Q33	P100020
Q878	P100012
Q863	P100021
Q736	P100014
Q1028	P100011
Q1009	P100012
Q43	P100014
Q31	P100013
Q424	P100019
Q902	P100019
Q212	P100019
Q45	P100011
Q842	P100019
Q965	P100020
Q958	P100013
Q32	P100022
Q986	P100018
Q878	P100022
Q733	P100018
Q155	P100022
Q233	P100022
Q219	P100011
Q1019	P100013
Q419	P100011
Q145	P100012
Q817	P100013
Q953	P100018
Q232	P100018
Q142	P100019
Q836	P100021
Q664	P100015
Q211	P100022
Q419	P100021
Q1019	P100014
Q16	P100021
Q41	P100016
Q854	P100018
Q963	P100012
Q148	P100017
Q242	P100018
Q804	P100016
Q408	P100013
Q219	P100017
Q766	P100019
Q222	P100015
Q242	P100019
Q230	P100021
Q227	P100012
Q878	P100021
Q916	P100021
Q963	P100018
Q1019	P100015
Q869	P100012
Q298	P100022
Q1044	P100019
Q750	P100019
Q1045	P100017
Q41	P100015
Q40	P100013
Q222	P100016
Q954	P100020
Q408	P100017
Q39	P100022
Q730	P100016
Q843	P100020
Q184	P100019
Q889	P100016
Q236	P100013
Q117	P100021
Q953	P100017
Q664	P100018
Q958	P100014
Q224	P100019
Q869	P100016
Q219	P100015
Q241	P100015
Q218	P100015
Q733	P100020
Q965	P100021
Q189	P100012
Q786	P100018
Q16	P100016
Q1028	P100018
Q902	P100018
Q668	P100016
Q414	P100020
Q734	P100014
Q77	P100016
Q414	P100012
Q43	P100018
Q419	P100012
Q34	P100011
Q691	P100016
Q977	P100011
Q736	P100018
Q334	P100018
Q213	P100020
Q1036	P100017
Q977	P100021
Q792	P100019
Q963	P100014
Q668	P100021
Q1032	P100014
Q1019	P100012
Q881	P100018
Q889	P100012
Q225	P100017
Q970	P100013
Q241	P100018
Q252	P100013
Q1032	P100013
Q846	P100011
Q115	P100020
Q965	P100022
Q219	P100013
Q236	P100012
Q232	P100011
Q1032	P100015
Q17	P100015
Q786	P100019
Q43	P100015
Q403	P100016
Q215	P100017
Q399	P100020
Q657	P100011
Q398	P100011
Q241	P100012
Q1045	P100016
Q1027	P100018
Q983	P100020
Q218	P100012
Q183	P100015
Q35	P100020
Q1036	P100015
Q1000	P100015
Q408	P100016
Q734	P100018
Q1025	P100017
Q1028	P100022
Q414	P100015
Q403	P100021
Q229	P100015
Q574	P100016
Q842	P100022
Q813	P100014
Q953	P100016
Q754	P100018
Q189	P100021
Q792	P100013
Q1016	P100022
Q1044	P100022
Q810	P100020
Q39	P100021
Q917	P100014
Q16	P100017
Q668	P100017
Q811	P100011
Q252	P100019
Q211	P100015
Q41	P100021
Q967	P100020
Q1049	P100013
Q574	P100012
Q1016	P100015
Q970	P100016
Q851	P100014
Q1013	P100019
Q712	P100018
Q229	P100017
Q424	P100012
Q851	P100013
Q1025	P100013
Q41	P100013
Q298	P100018
Q28	P100021
Q902	P100014
Q29999	P100012
Q30	P100019
Q183	P100020
Q983	P100015
Q739	P100016
Q854	P100017
Q16	P100015
Q20	P100021
Q691	P100018
Q685	P100018
Q214	P100022
Q215	P100016
Q414	P100022
Q958	P100017
Q229	P100011
Q1016	P100017
Q45	P100014
Q842	P100017
Q217	P100011
Q115	P100015
Q419	P100020
Q16	P100020
Q229	P100021
Q983	P100011
Q1025	P100016
Q217	P100021
Q227	P100018
Q1042	P100018
Q813	P100016
Q1028	P100014
Q811	P100015
Q963	P100019
Q40	P100015
Q929	P100021
Q29	P100012
Q916	P100020
Q43	P100022
Q1041	P100014
Q837	P100017
Q889	P100020
Q1041	P100019
Q230	P100011
Q244	P100014
Q424	P100013
Q222	P100018
Q1027	P100011
Q1049	P100016
Q750	P100021
Q1045	P100019
Q986	P100021
Q298	P100015
Q921	P100014
Q657	P100015
Q398	P100015
Q227	P100019
Q262	P100011
Q1009	P100021
Q881	P100014
Q224	P100017
Q34	P100013
Q790	P100013
Q948	P100015
Q1029	P100014
Q191	P100013
Q224	P100021
Q1006	P100022
Q711	P100014
Q33	P100021
Q191	P100014
Q20	P100012
Q912	P100017
Q750	P100014
Q155	P100013
Q233	P100013
Q1016	P100020
Q41	P100020
Q334	P100021
Q38	P100017
Q878	P100013
Q1036	P100020
Q33	P100013
Q39	P100015
Q40	P100011
Q766	P100014
Q967	P100022
Q1014	P100021
Q419	P100019
Q953	P100022
Q242	P100022
Q1033	P100021
Q227	P100020
Q211	P100018
Q32	P100012
Q924	P100017
Q836	P100017
Q1006	P100011
Q711	P100022
Q414	P100021
Q754	P100020
Q781	P100022
Q1019	P100019
Q889	P100019
Q37	P100018
Q837	P100016
Q928	P100019
Q1000	P100021
Q230	P100012
Q912	P100013
Q38	P100015
Q774	P100021
Q77	P100015
Q27	P100015
Q929	P100018
Q851	P100016
Q878	P100015
Q800	P100015
Q184	P100015
Q258	P100022
Q33	P100016
Q783	P100018
Q217	P100015
Q664	P100022
Q854	P100014
Q1030	P100018
Q31	P100022
Q114	P100019
Q183	P100014
Q262	P100022
Q115	P100018
Q29999	P100013
Q664	P100016
Q214	P100018
Q38	P100018
Q17	P100016
Q424	P100022
Q967	P100018
Q916	P100022
Q212	P100015
Q32	P100015
Q39	P100011
Q792	P100016
Q657	P100013
Q398	P100013
Q826	P100018
Q851830	P100011
Q869	P100018
Q38	P100016
Q851	P100020
Q878	P100017
Q148	P100011
Q863	P100012
Q804	P100015
Q874	P100021
Q804	P100014
Q851830	P100017
Q32	P100014
Q1045	P100018
Q817	P100022
Q252	P100011
Q1013	P100011
Q215	P100013
Q792	P100021
Q983	P100017
Q252	P100021
Q117	P100014
Q403	P100013
Q117	P100015
Q1020	P100011
Q842	P100021
Q739	P100013
Q1006	P100020
Q211	P100020
Q754	P100021
Q183	P100019
Q30	P100020
Q29999	P100019
Q30	P100012
Q31	P100018
Q1030	P100022
Q851	P100017
Q711	P100012
Q211	P100011
Q846	P100020
Q222	P100019
Q1014	P100015
Q242	P100015
Q229	P100019
Q813	P100018
Q232	P100017
Q826	P100014
Q774	P100013
Q96	P100015
Q668	P100014
Q769	P100011
Q963	P100021
Q863	P100013
Q1036	P100021
Q1044	P100018
Q750	P100015
Q691	P100015
Q921	P100012
Q804	P100012
Q219	P100012
Q863	P100014
Q786	P100022
Q790	P100015
Q754	P100022
Q851	P100018
Q77	P100011
Q1032	P100020
Q29	P100019
Q184	P100022
Q800	P100022
Q20	P100022
Q1014	P100016
Q1041	P100012
Q224	P100015
Q117	P100018
Q1013	P100015
Q962	P100022
Q986	P100011
Q917	P100018
Q851830	P100016
Q298	P100014
Q781	P100015
Q986	P100020
Q244	P100015
Q953	P100012
Q189	P100022
Q1037	P100015
Q1045	P100021
Q869	P100011
Q965	P100018
Q114	P100011
Q833	P100015
Q96	P100012
Q712	P100015
Q730	P100017
Q29	P100022
Q1045	P100014
Q32	P100018
Q1032	P100019
Q115	P100022
Q739	P100022
Q17	P100018
Q1036	P100012
Q734	P100022
Q1042	P100022
Q37	P100021
Q1019	P100017
Q1041	P100015
Q574	P100014
Q77	P100017
Q1000	P100019
Q928	P100021
Q31	P100011
Q1032	P100018
Q34	P100017
Q77	P100020
Q1030	P100019
Q31	P100021
Q657	P100022
Q398	P100022
Q817	P100014
Q17	P100020
Q822	P100013
Q37	P100015
Q27	P100018
Q230	P100019
Q730	P100013
Q241	P100017
Q225	P100016
Q218	P100017
Q1016	P100021
Q145	P100022
Q45	P100021
Q142	P100013
Q953	P100021
Q889	P100021
Q846	P100012
Q34	P100018
Q836	P100018
Q810	P100013
Q77	P100018
Q16	P100013
Q1016	P100019
Q902	P100015
Q754	P100013
Q114	P100012
Q851	P100021
Q817	P100021
Q241	P100011
Q1009	P100015
Q236	P100014
Q813	P100022
Q39	P100019
Q35	P100011
Q986	P100015
Q851	P100019
Q843	P100013
Q1009	P100022
Q574	P100017
Q241	P100020
Q810	P100015
Q145	P100011
Q183	P100022
Q954	P100011
Q1028	P100012
Q902	P100022
Q265	P100016
Q258	P100011
Q1033	P100016
Q1013	P100021
Q211	P100013
Q664	P100019
Q1019	P100016
Q142	P100020
Q77	P100019
Q20	P100016
Q869	P100020
Q31	P100012
Q145	P100015
Q711	P100018
Q734	P100013
Q945	P100015
Q1049	P100018
Q189	P100014
Q1029	P100016
Q813	P100021
Q970	P100017
Q213	P100011
Q408	P100012
Q27	P100020
Q17	P100011
Q963	P100015
Q811	P100019
Q38	P100013
Q822	P100011
Q229	P100016
Q96	P100020
Q958	P100012
Q215	P100020
Q902	P100012
Q826	P100021
Q241	P100016
Q232	P100019
Q811	P100018
Q842	P100012
Q962	P100011
Q1033	P100013
Q739	P100020
Q739	P100017
Q227	P100015
Q1033	P100015
Q657	P100019
Q398	P100019
Q191	P100017
Q813	P100015
Q1030	P100016
Q227	P100013
Q29	P100017
Q754	P100014
Q730	P100022
Q837	P100012
Q36	P100011
Q958	P100016
Q222	P100021
Q733	P100017
Q399	P100013
Q227	P100014
Q921	P100019
Q804	P100019
Q37	P100020
Q1000	P100014
Q219	P100019
Q424	P100018
Q766	P100017
Q792	P100014
Q232	P100013
Q817	P100018
Q826	P100022
Q1037	P100021
Q1037	P100017
Q214	P100019
Q683	P100022
Q804	P100021
Q954	P100017
Q945	P100012
Q218	P100013
Q265	P100017
Q408	P100015
Q145	P100020
Q1006	P100019
Q1033	P100017
Q189	P100015
Q244	P100022
Q833	P100017
Q1049	P100017
Q29	P100021
Q813	P100013
Q962	P100014
Q225	P100013
Q769	P100015
Q218	P100014
Q983	P100018
Q1027	P100020
Q912	P100011
Q184	P100014
Q20	P100017
Q712	P100022
Q921	P100013
Q114	P100016
Q27	P100014
Q27	P100012
Q408	P100011
Q962	P100015
Q1029	P100017
Q45	P100017
Q408	P100020
Q1013	P100022
Q881	P100020
Q232	P100020
Q1041	P100022
Q790	P100014
Q258	P100018
Q96	P100019
Q28	P100013
Q889	P100015
Q262	P100016
Q781	P100020
Q184	P100012
Q837	P100015
Q945	P100013
Q734	P100015
Q1000	P100018
Q691	P100022
Q222	P100013
Q230	P100016
Q1032	P100012
Q945	P100022
Q945	P100014
Q43	P100012
Q1009	P100014
Q414	P100018
Q1036	P100019
Q800	P100019
Q1030	P100017
Q878	P100014
Q769	P100013
Q225	P100015
Q685	P100014
Q837	P100011
Q800	P100018
Q414	P100019
Q977	P100015
Q733	P100016
Q754	P100015
Q664	P100020
Q869	P100022
Q1000	P100012
Q31	P100020
Q1041	P100021
Q28	P100020
Q783	P100021
Q924	P100016
Q836	P100016
Q20	P100018
Q929	P100017
Q36	P100017
Q766	P100021
Q96	P100022
Q1037	P100016
Q222	P100022
Q36	P100018
Q851830	P100022
Q783	P100019
Q739	P100011
Q236	P100019
Q881	P100015
Q1041	P100013
Q424	P100011
Q817	P100011
Q817	P100020
Q1016	P100012
Q574	P100015
Q730	P100020
Q114	P100020
Q1019	P100018
Q45	P100016
Q117	P100019
Q30	P100015
Q28	P100014
Q31	P100014
Q863	P100017
Q262	P100017
Q265	P100021
Q750	P100013
Q252	P100017
Q664	P100017
Q817	P100015
Q912	P100018
Q298	P100021
Q683	P100020
Q265	P100011
Q796	P100014
Q983	P100012
Q230	P100017
Q800	P100013
Q1030	P100020
Q258	P100017
Q1014	P100019
Q878	P100016
Q408	P100018
Q796	P100013
Q142	P100017
Q657	P100018
Q398	P100018
Q35	P100013
Q96	P100018
Q929	P100014
Q236	P100020
Q811	P100021
Q334	P100022
Q117	P100022
Q1028	P100021
Q41	P100011
Q115	P100012
Q781	P100014
Q31	P100019
Q38	P100011
Q691	P100019
Q1013	P100012
Q711	P100017
Q967	P100011
Q114	P100014
Q29999	P100021
Q739	P100015
Q983	P100016
Q1013	P100020
Q774	P100019
Q854	P100019
Q836	P100022
Q921	P100016
Q36	P100016
Q967	P100021
Q29	P100015
Q242	P100017
Q224	P100014
Q148	P100018
Q142	P100018
Q958	P100019
Q184	P100020
Q837	P100018
Q977	P100020
Q217	P100022
Q869	P100013
Q258	P100015
Q881	P100021
Q766	P100018
Q928	P100022
Q1013	P100018
Q874	P100018
Q30	P100011
Q817	P100012
Q145	P100013
Q20	P100011
Q1039	P100014
Q916	P100013
Q851830	P100012
Q232	P100016
Q912	P100022
Q691	P100013
Q77	P100014
Q1037	P100019
Q954	P100019
Q664	P100014
Q668	P100013
Q924	P100012
Q739	P100018
Q28	P100022
Q148	P100015
Q252	P100016
Q224	P100022
Q668	P100011
Q16	P100011
Q874	P100019
Q733	P100014
Q1027	P100015
Q921	P100022
Q34	P100020
Q1036	P100014
Q945	P100019
Q258	P100016
Q1014	P100017
Q691	P100011
Q1045	P100012
Q965	P100013
Q734	P100021
Q846	P100013
Q730	P100011
Q945	P100021
Q217	P100018
Q837	P100022
Q403	P100015
Q96	P100014
Q403	P100014
Q924	P100013
Q711	P100016
Q27	P100019
Q774	P100016
Q1042	P100011
Q32	P100013
Q183	P100021
Q117	P100011
Q921	P100017
Q800	P100021
Q242	P100016
Q811	P100022
Q786	P100016
Q20	P100019
Q37	P100019
Q403	P100011
Q96	P100011
Q27	P100021
Q414	P100017
Q822	P100022
Q96	P100021
Q114	P100015
Q28	P100018
Q148	P100014
Q1030	P100014
Q916	P100014
Q683	P100019
Q155	P100018
Q233	P100018
Q691	P100014
Q214	P100015
Q1025	P100019
Q683	P100018
Q1039	P100018
Q668	P100015
Q334	P100020
Q921	P100018
Q1000	P100020
Q32	P100019
Q1025	P100021
Q45	P100019
Q40	P100020
Q34	P100016
Q217	P100017
Q1016	P100013
Q846	P100021
Q214	P100020
Q1025	P100011
Q928	P100012
Q1033	P100020
Q227	P100021
Q833	P100018
Q215	P100012
Q783	P100012
Q965	P100014
Q30	P100017
Q917	P100022
Q863	P100015
Q16	P100022
Q30	P100014
Q218	P100016
Q40	P100018
Q822	P100016
Q822	P100019
Q1039	P100017
Q142	P100022
Q912	P100020
Q967	P100013
Q1006	P100018
Q774	P100017
Q117	P100012
Q1041	P100018
Q1028	P100017
Q945	P100018
Q230	P100022
Q774	P100022
Q967	P100014
Q32	P100020
Q212	P100020
Q212	P100011
Q252	P100022
Q224	P100020
Q766	P100020
Q1039	P100022
Q730	P100018
Q929	P100011
Q414	P100016
Q215	P100022
Q214	P100013
Q1020	P100012
Q43	P100013
Q145	P100016
Q148	P100020
Q265	P100019
Q39	P100013
Q1033	P100019
Q574	P100013
Q1029	P100018
Q843	P100018
Q965	P100017
Q712	P100016
Q813	P100019
Q750	P100020
Q970	P100015
Q191	P100020
Q1030	P100011
Q685	P100019
Q781	P100018
Q212	P100013
Q1036	P100022
Q37	P100022
Q1020	P100013
Q1033	P100018
Q244	P100018
Q854	P100012
Q217	P100016
Q28	P100011
Q96	P100017
Q811	P100020
Q236	P100021
Q769	P100012
Q851830	P100018
Q1037	P100018
Q36	P100022
Q215	P100011
Q929	P100022
Q191	P100015
Q155	P100016
Q233	P100016
Q1042	P100014
Q30	P100016
Q921	P100011
Q242	P100020
Q242	P100011
Q822	P100020
Q711	P100019
Q222	P100012
Q965	P100015
Q921	P100021
Q230	P100014
Q822	P100017
Q219	P100021
Q730	P100014
Q817	P100019
Q252	P100018
Q191	P100016
Q1037	P100012
Q766	P100015
Q29	P100016
Q1000	P100022
Q954	P100012
Q945	P100017
Q1028	P100016
Q1049	P100021
Q962	P100019
Q1036	P100011
Q924	P100019
Q408	P100022
Q833	P100012
Q16	P100014
Q916	P100018
Q1006	P100021
Q970	P100012
Q214	P100014
Q734	P100019
Q766	P100016
Q1049	P100015
Q298	P100017
Q983	P100013
Q924	P100021
Q664	P100011
Q878	P100011
Q954	P100016
Q219	P100022
Q945	P100011
Q965	P100016
Q712	P100017
Q1032	P100016
Q20	P100014
Q833	P100016
Q902	P100011
Q191	P100012
Q212	P100018
Q685	P100020
Q1042	P100021
Q962	P100013
Q213	P100019
Q1049	P100022
Q225	P100014
Q833	P100022
Q912	P100012
Q928	P100018
Q114	P100017
Q230	P100020
Q851	P100011
Q881	P100012
Q224	P100011
Q43	P100021
Q683	P100021
Q826	P100017
Q37	P100012
Q954	P100015
Q155	P100017
Q233	P100017
Q736	P100021
Q766	P100022
Q33	P100011
Q792	P100018
Q218	P100011
Q811	P100014
Q29	P100013
Q917	P100011
Q32	P100017
Q781	P100011
Q836	P100012
Q1049	P100012
Q29	P100014
Q191	P100022
Q183	P100013
Q215	P100018
Q17	P100019
Q36	P100015
Q786	P100015
Q28	P100015
Q114	P100018
Q685	P100013
Q796	P100011
Q36	P100013
Q265	P100014
Q45	P100020
Q184	P100018
Q1000	P100011
Q45	P100012
Q229	P100013
Q36	P100014
Q414	P100011
Q929	P100016
Q1000	P100013
Q754	P100011
Q810	P100012
Q215	P100019
Q970	P100022
Q20	P100013
Q846	P100019
Q1032	P100017
Q211	P100021
Q739	P100012
Q924	P100018
Q948	P100013
Q928	P100013
Q889	P100011
Q424	P100014
Q213	P100013
Q792	P100022
Q117	P100020
Q1032	P100011
Q232	P100015
Q1044	P100016
Q252	P100015
Q739	P100014
Q399	P100021
Q211	P100019
Q258	P100012
Q183	P100017
Q863	P100022
Q213	P100014
Q917	P100015
Q1013	P100016
Q334	P100019
Q1025	P100015
Q424	P100015
Q977	P100014
Q29	P100018
Q863	P100016
Q826	P100016
Q36	P100012
Q229	P100020
Q1020	P100019
Q189	P100020
Q1028	P100019
Q32	P100016
Q685	P100021
Q836	P100011
Q265	P100012
Q244	P100016
Q1033	P100012
Q928	P100020
Q33	P100022
Q32	P100021
Q813	P100012
Q685	P100011
Q142	P100016
Q229	P100018
Q35	P100017
Q241	P100013
Q970	P100018
Q1019	P100021
Q837	P100013
Q29	P100020
Q1027	P100012
Q836	P100014
Q35	P100014
Q29999	P100020
Q236	P100011
Q35	P100018
Q766	P100013
Q219	P100018
Q408	P100019
Q822	P100015
Q241	P100014
Q265	P100018
Q811	P100012
Q262	P100012
Q769	P100019
Q232	P100012
Q145	P100018
Q34	P100022
Q889	P100013
Q230	P100018
Q783	P100022
Q657	P100012
Q398	P100012
Q796	P100018
Q77	P100022
Q184	P100011
Q912	P100014
Q889	P100014
Q213	P100017
Q1019	P100022
Q262	P100018
Q837	P100019
Q986	P100013
Q1006	P100016
Q265	P100015
Q1041	P100017
Q115	P100017
Q783	P100016
Q1013	P100017
Q45	P100022
Q1029	P100022
Q419	P100014
Q970	P100019
Q399	P100018
Q414	P100014
Q1009	P100018
Q20	P100015
Q734	P100012
Q41	P100012
Q685	P100015
Q40	P100017
Q1029	P100013
Q214	P100012
Q953	P100020
Q1006	P100012
Q244	P100017
Q265	P100022
Q1036	P100013
Q155	P100021
Q781	P100013
Q233	P100021
Q191	P100019
