Q736	P2132
Q1028	P2132
Q43	P2132
Q826	P2132
Q408	P2132
Q148	P2132
Q262	P2132
Q29	P2132
Q678	P2132
Q212	P2132
Q1019	P2132
Q38	P2132
Q769	P2132
Q712	P2132
Q1000	P2132
Q41	P2132
Q1037	P2132
Q962	P2132
Q783	P2132
Q954	P2132
Q229	P2132
Q115	P2132
Q217	P2132
Q805	P2132
Q1039	P2132
Q14773	P2132
Q686	P2132
Q21203	P2132
Q8646	P2132
Q1045	P2132
Q1007	P2132
Q730	P2132
Q30	P2132
Q241	P2132
Q986	P2132
Q224	P2132
Q211	P2132
Q214	P2132
Q786	P2132
Q228	P2132
Q790	P2132
Q974	P2132
Q967	P2132
Q45	P2132
Q114	P2132
Q218	P2132
Q983	P2132
Q1032	P2132
Q233	P2132
Q236	P2132
Q851	P2132
Q155	P2132
Q27	P2132
Q347	P2132
Q929	P2132
Q863	P2132
Q958	P2132
Q965	P2132
Q819	P2132
Q781	P2132
Q869	P2132
Q1006	P2132
Q298	P2132
Q928	P2132
Q878	P2132
Q668	P2132
Q252	P2132
Q709	P2132
Q963	P2132
Q1016	P2132
Q710	P2132
Q1027	P2132
Q801	P2132
Q232	P2132
Q750	P2132
Q916	P2132
Q774	P2132
Q5785	P2132
Q971	P2132
Q34	P2132
Q854	P2132
Q1020	P2132
Q33788	P2132
Q16	P2132
Q833	P2132
Q948	P2132
Q222	P2132
Q697	P2132
Q42314	P2132
Q1029	P2132
Q912	P2132
Q846	P2132
Q924	P2132
Q822	P2132
Q1246	P2132
Q142	P2132
Q79	P2132
Q1041	P2132
Q230	P2132
Q734	P2132
Q874	P2132
Q1183	P2132
Q32	P2132
Q39	P2132
Q977	P2132
Q225	P2132
Q691	P2132
Q403	P2132
Q419	P2132
Q30971	P2132
Q796	P2132
Q40	P2132
Q881	P2132
Q36	P2132
Q17	P2132
Q28	P2132
Q9676	P2132
Q945	P2132
Q1025	P2132
Q843	P2132
Q757	P2132
Q766	P2132
Q33	P2132
Q804	P2132
Q1033	P2132
Q889	P2132
Q813	P2132
Q37	P2132
Q810	P2132
Q685	P2132
Q235	P2132
Q574	P2132
Q836	P2132
Q26273	P2132
Q183	P2132
Q778	P2132
Q23635	P2132
Q784	P2132
Q16635	P2132
Q672	P2132
Q657	P2132
Q16641	P2132
Q842	P2132
Q414	P2132
Q223	P2132
Q184	P2132
Q1013	P2132
Q733	P2132
Q189	P2132
Q858	P2132
Q215	P2132
Q35	P2132
Q407199	P2132
Q258	P2132
Q683	P2132
Q213	P2132
Q1030	P2132
Q902	P2132
Q739	P2132
Q25279	P2132
Q399	P2132
Q334	P2132
Q424	P2132
Q77	P2132
Q717	P2132
Q159	P2132
Q1005	P2132
Q242	P2132
Q1042	P2132
Q953	P2132
Q265	P2132
Q1009	P2132
Q917	P2132
Q695	P2132
Q760	P2132
Q837	P2132
Q1050	P2132
Q1049	P2132
Q884	P2132
Q702	P2132
Q96	P2132
Q4628	P2132
Q244	P2132
Q29999	P2132
Q664	P2132
Q921	P2132
Q811	P2132
Q398	P2132
Q238	P2132
Q117	P2132
Q800	P2132
Q851830	P2132
Q711	P2132
Q817	P2132
Q754	P2132
Q792	P2132
Q16644	P2132
Q794	P2132
Q1036	P2132
Q221	P2132
Q227	P2132
Q1044	P2132
Q970	P2132
Q191	P2132
Q31	P2132
Q763	P2132
Q20	P2132
Q219	P2132
Q11703	P2132
Q1014	P2132
Q145	P2132
